{"cameraMode":{"drawMode":0,"name":"Shaded","section":"Shading Mode"},"sceneLighting":true,"audioPlay":false,"sceneViewState":{"showFog":true,"showMaterialUpdate":false,"showSkybox":true,"showFlares":true,"showImageEffects":true,"showParticleSystems":true},"in2DMode":false,"pivot":{"x":207.90869140625,"y":2.9011645317077638,"z":467.59588623046877},"rotation":{"x":-0.04528112709522247,"y":-0.636584460735321,"z":0.03748549520969391,"w":-0.7689634561538696},"size":17.484712600708009,"orthographic":false}